Date/Time,Totalizer (Liters),Consumption (Liters)
2025-05-16 05:31,3.08,0.00
2025-05-16 04:31,3.08,0.00
2025-05-16 03:31,3.08,0.00
2025-05-16 02:31,3.08,0.00
2025-05-16 01:31,3.08,0.00
2025-05-16 01:01,3.08,0.00
2025-05-16 00:31,3.08,0.00
2025-05-15 23:31,3.08,0.00
2025-05-15 22:31,3.08,0.00
2025-05-15 21:31,3.08,0.00
2025-05-15 21:01,3.08,0.00
2025-05-15 16:01,3.08,0.00
2025-05-15 15:01,3.08,0.00
2025-05-14 17:31,3.08,0.00
2025-05-14 17:01,3.08,0.00
2025-05-14 16:01,3.08,0.00
2025-05-14 14:31,3.08,0.00
2025-05-14 13:31,3.08,0.00
2025-05-14 10:31,3.08,0.00
2025-05-14 09:31,3.08,0.00
2025-05-14 05:31,3.08,0.00
2025-05-14 05:01,3.08,0.00
2025-05-14 04:31,3.08,0.00
2025-05-14 03:31,3.08,0.00
2025-05-14 03:01,3.08,0.00
2025-05-14 01:01,3.08,0.00
2025-05-14 00:31,3.08,0.00
2025-05-14 00:01,3.08,0.00
2025-05-13 23:31,3.08,0.00
2025-05-13 23:01,3.08,0.00
2025-05-13 22:31,3.08,0.00
2025-05-13 21:01,3.08,0.00
2025-05-13 20:31,3.08,0.00
2025-05-13 20:01,3.08,0.00
2025-05-13 19:31,3.08,0.00
2025-05-13 18:31,3.08,0.00
2025-05-13 18:01,3.08,0.00
2025-05-13 16:31,3.08,0.00
2025-05-13 16:01,3.08,0.00
2025-05-13 15:31,3.08,0.00
2025-05-13 14:31,3.08,0.00
2025-05-13 13:31,3.08,0.00
2025-05-13 09:31,3.08,0.00
2025-05-13 09:01,3.08,0.00
2025-05-13 08:31,3.08,0.00
2025-05-13 07:01,3.08,0.00
2025-05-13 06:01,3.08,0.00
2025-05-13 05:01,3.08,0.00
2025-05-13 04:01,3.08,0.20
2025-05-13 01:31,2.88,0.00
2025-05-12 21:31,2.88,0.00
2025-05-12 20:01,2.88,0.00
2025-05-12 18:31,2.88,0.00
2025-05-12 17:01,2.88,0.00
2025-05-12 16:31,2.88,0.00
2025-05-12 14:31,2.88,0.00
2025-05-12 14:01,2.88,0.00
2025-05-12 10:31,2.88,0.00
2025-05-12 09:01,2.88,0.00
2025-05-12 08:01,2.88,0.00
2025-05-12 05:31,2.88,0.00
2025-05-12 03:01,2.88,0.00
2025-05-12 02:01,2.88,0.00
2025-05-12 01:31,2.88,0.00
2025-05-11 23:01,2.88,0.00
2025-05-11 22:31,2.88,0.00
2025-05-11 22:01,2.88,0.00
2025-05-11 18:31,2.88,0.00
2025-05-11 18:01,2.88,0.00
2025-05-11 17:31,2.88,0.00
2025-05-11 16:01,2.88,0.00
2025-05-11 14:31,2.88,0.00
2025-05-11 14:01,2.88,0.00
2025-05-11 13:31,2.88,0.00
2025-05-11 13:01,2.88,0.00
2025-05-11 12:31,2.88,0.00
2025-05-11 11:31,2.88,0.00
2025-05-11 11:01,2.88,0.00
2025-05-11 10:01,2.88,0.00
2025-05-11 09:01,2.88,0.00
2025-05-11 08:01,2.88,0.00
2025-05-11 06:01,2.88,0.00
2025-05-11 05:01,2.88,0.00
2025-05-11 04:01,2.88,0.00
2025-05-11 03:31,2.88,0.19
2025-05-11 01:01,2.69,0.00
2025-05-10 23:01,2.69,0.00
2025-05-10 21:31,2.69,0.00
2025-05-10 21:01,2.69,0.00
2025-05-10 19:01,2.69,0.00
2025-05-10 15:31,2.69,0.00
2025-05-10 13:01,2.69,0.00
2025-05-10 12:31,2.69,0.00
2025-05-10 11:31,2.69,0.00
2025-05-10 10:31,2.69,0.00
2025-05-10 10:01,2.69,0.00
2025-05-10 07:01,2.69,0.00
2025-05-10 06:31,2.69,0.00
2025-05-10 05:31,2.69,0.00
2025-05-10 05:01,2.69,0.00
2025-05-10 04:31,2.69,0.00
2025-05-10 04:01,2.69,0.00
2025-05-10 03:31,2.69,0.00
2025-05-10 02:31,2.69,0.00
2025-05-10 02:01,2.69,0.00
2025-05-10 01:31,2.69,0.00
2025-05-10 00:01,2.69,0.00
2025-05-09 23:31,2.69,0.00
2025-05-09 22:01,2.69,0.00
2025-05-09 21:31,2.69,0.00
2025-05-09 20:31,2.69,0.00
2025-05-09 20:01,2.69,0.00
2025-05-09 19:31,2.69,0.00
2025-05-09 13:31,2.69,0.00
2025-05-09 13:01,2.69,0.00
2025-05-09 12:31,2.69,0.00
2025-05-09 11:31,2.69,0.00
2025-05-09 11:01,2.69,0.00
2025-05-09 10:31,2.69,0.00
2025-05-09 10:01,2.69,0.00
2025-05-09 09:31,2.69,0.00
2025-05-09 07:31,2.69,0.00
2025-05-09 05:31,2.69,0.00
2025-05-09 01:31,2.69,0.00
2025-05-09 00:31,2.69,0.00
2025-05-08 23:31,2.69,0.00
2025-05-08 17:01,2.69,0.00
2025-05-08 16:31,2.69,0.00
2025-05-08 15:31,2.69,0.00
2025-05-08 14:31,2.69,0.00
2025-05-08 14:01,2.69,0.00
2025-05-08 11:31,2.69,0.00
2025-05-08 11:01,2.69,0.00
2025-05-08 10:31,2.69,0.00
2025-05-08 10:01,2.69,0.00
2025-05-08 08:01,2.69,0.00
2025-05-08 07:31,2.69,0.00
2025-05-08 07:01,2.69,0.00
2025-05-08 06:31,2.69,0.00
2025-05-08 05:31,2.69,0.00
2025-05-08 04:31,2.69,0.00
2025-05-08 04:01,2.69,0.00
2025-05-08 03:31,2.69,0.00
2025-05-08 03:01,2.69,0.00
2025-05-08 00:01,2.69,0.00
2025-05-07 23:31,2.69,0.00
2025-05-07 23:01,2.69,0.00
2025-05-07 22:01,2.69,0.00
2025-05-07 21:31,2.69,0.00
2025-05-07 15:31,2.69,0.00
2025-05-07 15:01,2.69,0.00
2025-05-07 14:31,2.69,0.00
2025-05-07 14:01,2.69,0.00
2025-05-07 13:31,2.69,0.00
2025-05-07 13:01,2.69,0.00
2025-05-07 12:31,2.69,0.00
2025-05-07 10:31,2.69,0.00
2025-05-07 09:31,2.69,0.00
2025-05-07 09:01,2.69,0.00
2025-05-07 07:31,2.69,0.00
2025-05-07 07:01,2.69,0.00
2025-05-07 06:31,2.69,0.00
2025-05-07 06:01,2.69,0.00
2025-05-07 03:31,2.69,0.00
2025-05-07 03:01,2.69,0.19
2025-05-07 00:31,2.50,0.00
2025-05-07 00:01,2.50,0.00
2025-05-06 23:31,2.50,0.00
2025-05-06 20:31,2.50,0.00
2025-05-06 20:01,2.50,0.00
2025-05-06 19:31,2.50,0.00
2025-05-06 18:01,2.50,0.00
2025-05-06 16:31,2.50,0.00
2025-05-06 15:31,2.50,0.00
2025-05-06 14:01,2.50,0.00
2025-05-06 13:01,2.50,0.00
2025-05-06 12:31,2.50,0.00
2025-05-06 12:01,2.50,0.00
2025-05-06 11:01,2.50,0.00
2025-05-06 10:31,2.50,0.00
2025-05-06 07:31,2.50,0.00
2025-05-06 07:01,2.50,0.00
2025-05-06 06:31,2.50,0.19
2025-05-06 04:31,2.31,0.00
2025-05-06 04:01,2.31,0.00
2025-05-06 03:01,2.31,0.00
2025-05-06 02:31,2.31,0.00
2025-05-06 00:31,2.31,0.00
2025-05-05 23:31,2.31,0.00
2025-05-05 22:31,2.31,0.00
2025-05-05 22:01,2.31,0.00
2025-05-05 21:31,2.31,0.00
2025-05-05 20:31,2.31,0.00
2025-05-05 20:01,2.31,0.00
2025-05-05 18:31,2.31,0.00
2025-05-05 18:01,2.31,0.00
2025-05-05 17:31,2.31,0.00
2025-05-05 17:01,2.31,0.00
2025-05-05 16:01,2.31,0.00
2025-05-05 15:31,2.31,0.00
2025-05-05 14:31,2.31,0.00
2025-05-05 14:01,2.31,0.00
2025-05-05 13:31,2.31,0.00
2025-05-05 11:01,2.31,0.00
2025-05-05 10:31,2.31,0.00
2025-05-05 10:01,2.31,0.00
2025-05-05 08:31,2.31,0.00
2025-05-05 04:01,2.31,0.00
2025-05-05 03:01,2.31,0.00
2025-05-05 02:31,2.31,0.00
2025-05-04 23:31,2.31,0.00
2025-05-04 23:01,2.31,0.00
2025-05-04 18:31,2.31,0.00
2025-05-04 18:01,2.31,0.00
2025-05-04 17:31,2.31,0.00
2025-05-04 16:31,2.31,0.00
2025-05-04 15:31,2.31,0.00
2025-05-04 14:31,2.31,0.00
2025-05-04 13:31,2.31,0.00
2025-05-04 13:01,2.31,0.00
2025-05-04 11:31,2.31,0.00
2025-05-04 11:01,2.31,0.00
2025-05-04 10:31,2.31,0.00
2025-05-04 08:31,2.31,0.00
2025-05-04 04:31,2.31,0.00
2025-05-04 03:31,2.31,0.00
2025-05-04 03:01,2.31,0.00
2025-05-04 02:31,2.31,0.00
2025-05-04 02:01,2.31,0.00
2025-05-04 01:31,2.31,0.00
2025-05-04 01:01,2.31,0.00
2025-05-03 23:31,2.31,0.00
2025-05-03 22:31,2.31,0.00
2025-05-03 19:31,2.31,0.00
2025-05-03 18:01,2.31,0.00
2025-05-03 17:31,2.31,0.00
2025-05-03 17:01,2.31,0.00
2025-05-03 13:01,2.31,0.00
2025-05-03 12:01,2.31,0.00
2025-05-03 09:01,2.31,0.00
2025-05-03 08:31,2.31,0.00
2025-05-03 07:31,2.31,0.00
2025-05-03 05:31,2.31,0.00
2025-05-03 04:31,2.31,0.00
2025-05-03 03:31,2.31,0.00
2025-05-03 02:31,2.31,0.00
2025-05-03 02:01,2.31,0.00
2025-05-03 01:01,2.31,0.00
2025-05-03 00:31,2.31,0.00
2025-05-03 00:01,2.31,0.00
2025-05-02 23:01,2.31,0.00
2025-05-02 22:01,2.31,0.00
2025-05-02 21:31,2.31,0.00
2025-05-02 20:01,2.31,0.00
2025-05-02 19:31,2.31,0.00
2025-05-02 19:01,2.31,0.00
2025-05-02 18:31,2.31,0.00
2025-05-02 17:01,2.31,0.00
2025-05-02 12:01,2.31,0.00
2025-05-02 11:31,2.31,0.00
2025-05-02 10:31,2.31,0.00
2025-05-02 09:01,2.31,0.00
2025-05-02 08:31,2.31,0.00
2025-05-02 07:01,2.31,0.00
2025-05-02 06:31,2.31,0.00
2025-05-02 06:01,2.31,0.00
2025-05-02 05:31,2.31,0.00
2025-05-02 04:31,2.31,0.00
2025-05-02 04:01,2.31,0.00
2025-05-02 03:31,2.31,0.00
2025-05-02 03:01,2.31,0.00
2025-05-01 23:31,2.31,0.00
2025-05-01 23:01,2.31,0.00
2025-05-01 22:01,2.31,0.00
2025-05-01 21:01,2.31,0.00
2025-05-01 20:01,2.31,0.00
2025-05-01 19:01,2.31,0.00
2025-05-01 18:31,2.31,0.00
2025-05-01 18:01,2.31,0.00
2025-05-01 16:01,2.31,0.00
2025-05-01 15:01,2.31,0.00
2025-05-01 14:01,2.31,0.00
2025-05-01 13:01,2.31,0.00
2025-05-01 12:31,2.31,0.00
2025-05-01 12:01,2.31,0.00
2025-05-01 11:31,2.31,0.00
2025-05-01 11:01,2.31,0.00
2025-05-01 10:31,2.31,0.00
2025-05-01 10:01,2.31,0.00
2025-05-01 09:31,2.31,0.00
2025-05-01 09:01,2.31,0.00
2025-05-01 08:31,2.31,0.00
2025-05-01 06:31,2.31,0.00
2025-05-01 06:01,2.31,0.00
2025-05-01 05:01,2.31,0.00
2025-05-01 04:31,2.31,0.00
2025-05-01 03:31,2.31,0.00
2025-05-01 03:01,2.31,0.00
2025-05-01 02:31,2.31,0.00
2025-05-01 01:31,2.31,0.00
2025-04-30 23:01,2.31,0.00
2025-04-30 22:31,2.31,0.00
2025-04-30 22:01,2.31,0.00
2025-04-30 19:31,2.31,0.00
2025-04-30 16:01,2.31,0.00
2025-04-30 15:31,2.31,0.00
2025-04-30 12:01,2.31,0.00
2025-04-30 11:01,2.31,0.00
2025-04-30 10:31,2.31,0.00
2025-04-30 10:01,2.31,0.00
2025-04-30 08:01,2.31,0.00
2025-04-30 07:31,2.31,0.00
2025-04-30 07:01,2.31,0.00
2025-04-30 04:01,2.31,0.00
2025-04-30 02:31,2.31,0.00
2025-04-29 19:31,2.31,0.00
2025-04-29 19:01,2.31,0.00
2025-04-29 18:31,2.31,0.00
2025-04-29 17:31,2.31,0.00
2025-04-29 16:31,2.31,0.00
2025-04-29 16:01,2.31,0.00
2025-04-29 15:01,2.31,0.00
2025-04-29 14:01,2.31,0.00
2025-04-29 13:31,2.31,0.00
2025-04-29 13:01,2.31,0.00
2025-04-29 10:31,2.31,0.00
2025-04-29 09:31,2.31,0.00
2025-04-29 09:01,2.31,0.00
2025-04-29 08:31,2.31,0.00
2025-04-29 08:01,2.31,0.00
2025-04-29 05:31,2.31,0.00
2025-04-29 03:31,2.31,0.00
2025-04-29 03:01,2.31,0.00
2025-04-29 01:31,2.31,0.00
2025-04-29 01:01,2.31,0.00
2025-04-29 00:31,2.31,0.00
2025-04-29 00:01,2.31,0.00
2025-04-28 23:31,2.31,0.00
2025-04-28 23:01,2.31,0.00
2025-04-28 21:31,2.31,0.00
2025-04-28 21:01,2.31,0.00
2025-04-28 19:31,2.31,0.00
2025-04-28 19:01,2.31,0.00
2025-04-28 18:31,2.31,0.00
2025-04-28 17:31,2.31,0.00
2025-04-28 17:01,2.31,0.00
2025-04-28 15:01,2.31,0.00
2025-04-28 13:31,2.31,0.00
2025-04-28 12:31,2.31,0.00
2025-04-28 10:31,2.31,0.00
2025-04-28 10:01,2.31,0.00
2025-04-28 09:31,2.31,0.00
2025-04-28 08:31,2.31,0.00
2025-04-28 08:01,2.31,0.00
2025-04-28 07:31,2.31,0.00
2025-04-28 07:01,2.31,0.00
2025-04-28 06:31,2.31,0.00
2025-04-28 05:01,2.31,0.00
2025-04-28 04:31,2.31,0.00
2025-04-28 03:31,2.31,0.00
2025-04-28 03:01,2.31,0.00
2025-04-28 02:31,2.31,0.00
2025-04-28 02:01,2.31,0.00
2025-04-28 01:31,2.31,0.00
2025-04-28 00:31,2.31,0.00
2025-04-27 23:31,2.31,0.00
2025-04-27 23:01,2.31,0.00
2025-04-27 22:31,2.31,0.00
2025-04-27 22:01,2.31,0.00
2025-04-27 21:01,2.31,0.00
2025-04-27 20:31,2.31,0.00
2025-04-27 20:01,2.31,0.00
2025-04-27 19:31,2.31,0.00
2025-04-27 18:31,2.31,0.00
2025-04-27 18:01,2.31,0.00
2025-04-27 17:31,2.31,0.00
2025-04-27 16:01,2.31,0.00
2025-04-27 15:01,2.31,0.00
2025-04-27 12:01,2.31,0.00
2025-04-27 11:31,2.31,0.00
2025-04-27 11:01,2.31,0.00
2025-04-27 10:31,2.31,0.00
2025-04-27 09:31,2.31,0.00
2025-04-27 09:01,2.31,0.00
2025-04-27 06:31,2.31,0.00
2025-04-27 05:31,2.31,0.00
2025-04-27 05:01,2.31,0.00
2025-04-27 04:31,2.31,0.00
2025-04-27 04:01,2.31,0.00
2025-04-27 03:31,2.31,0.00
2025-04-27 03:01,2.31,0.00
2025-04-27 02:31,2.31,0.00
2025-04-27 00:31,2.31,0.00
2025-04-27 00:01,2.31,0.00
2025-04-26 23:31,2.31,0.00
2025-04-26 23:01,2.31,0.00
2025-04-26 22:31,2.31,0.00
2025-04-26 22:01,2.31,0.00
2025-04-26 18:31,2.31,0.00
2025-04-26 18:01,2.31,0.00
2025-04-26 16:01,2.31,0.00
2025-04-26 15:01,2.31,0.00
2025-04-26 14:01,2.31,0.00
2025-04-26 13:31,2.31,0.00
2025-04-26 12:01,2.31,0.00
2025-04-26 11:01,2.31,0.00
2025-04-26 09:01,2.31,0.00
2025-04-26 08:31,2.31,0.00
2025-04-26 06:31,2.31,0.00
2025-04-26 06:01,2.31,0.00
2025-04-26 04:01,2.31,0.00
2025-04-26 03:31,2.31,0.00
2025-04-26 03:01,2.31,0.00
2025-04-26 02:31,2.31,0.00
2025-04-26 02:01,2.31,0.00
2025-04-26 01:31,2.31,0.00
2025-04-26 00:01,2.31,0.00
2025-04-25 22:01,2.31,0.00
2025-04-25 20:31,2.31,0.00
2025-04-25 19:31,2.31,0.00
2025-04-25 18:01,2.31,0.00
2025-04-25 16:31,2.31,0.00
2025-04-25 15:31,2.31,0.00
2025-04-25 15:01,2.31,0.00
2025-04-25 14:31,2.31,0.00
2025-04-25 13:31,2.31,0.00
2025-04-25 12:31,2.31,0.00
2025-04-25 12:01,2.31,0.00
2025-04-25 11:31,2.31,0.00
2025-04-25 10:01,2.31,0.00
2025-04-25 09:31,2.31,0.00
2025-04-25 09:01,2.31,0.00
2025-04-25 08:31,2.31,0.00
2025-04-25 05:01,2.31,0.00
2025-04-25 04:31,2.31,0.00
2025-04-25 04:01,2.31,0.00
2025-04-24 21:31,2.31,0.00
2025-04-24 20:01,2.31,0.00
2025-04-24 19:31,2.31,0.00
2025-04-24 18:31,2.31,0.00
2025-04-24 17:31,2.31,0.00
2025-04-24 17:01,2.31,0.00
2025-04-24 15:01,2.31,0.00
2025-04-24 13:01,2.31,0.00
2025-04-24 09:31,2.31,0.00
2025-04-24 06:31,2.31,0.00
2025-04-24 05:31,2.31,0.00
2025-04-24 05:01,2.31,0.00
2025-04-24 03:01,2.31,0.00
2025-04-24 01:31,2.31,0.00
2025-04-24 01:01,2.31,0.00
2025-04-23 23:31,2.31,0.00
2025-04-23 23:01,2.31,0.00
2025-04-23 19:31,2.31,0.00
2025-04-23 18:31,2.31,0.00
2025-04-23 17:31,2.31,0.00
2025-04-23 16:01,2.31,0.00
2025-04-23 14:01,2.31,0.00
2025-04-23 13:31,2.31,0.00
2025-04-23 08:31,2.31,0.00
2025-04-23 06:31,2.31,0.00
2025-04-23 02:31,2.31,0.00
2025-04-23 01:01,2.31,0.00
2025-04-23 00:31,2.31,0.00
2025-04-23 00:01,2.31,0.00
2025-04-22 23:01,2.31,0.00
2025-04-22 19:01,2.31,0.00
2025-04-22 18:01,2.31,0.00
2025-04-22 17:31,2.31,0.00
2025-04-22 15:01,2.31,0.00
2025-04-22 14:01,2.31,0.00
2025-04-22 12:31,2.31,0.00
2025-04-22 11:01,2.31,0.00
2025-04-22 10:31,2.31,0.00
2025-04-22 10:01,2.31,0.00
2025-04-22 09:31,2.31,0.00
2025-04-22 08:01,2.31,0.00
2025-04-22 07:01,2.31,0.00
2025-04-22 06:31,2.31,0.00
2025-04-22 06:01,2.31,0.00
2025-04-22 04:01,2.31,0.00
2025-04-22 03:01,2.31,0.00
2025-04-22 00:01,2.31,0.00
2025-04-21 23:01,2.31,0.00
2025-04-21 20:31,2.31,0.00
2025-04-21 20:01,2.31,0.00
2025-04-21 18:31,2.31,0.00
2025-04-21 13:01,2.31,0.00
2025-04-21 12:31,2.31,0.00
2025-04-21 12:01,2.31,0.00
2025-04-21 11:31,2.31,0.00
2025-04-21 11:01,2.31,0.00
2025-04-21 10:01,2.31,0.00
2025-04-21 09:31,2.31,0.00
2025-04-21 09:01,2.31,0.00
2025-04-21 07:31,2.31,0.00
2025-04-21 06:31,2.31,0.00
2025-04-21 05:01,2.31,0.00
2025-04-21 04:01,2.31,0.00
2025-04-21 03:01,2.31,0.00
2025-04-20 22:31,2.31,0.00
2025-04-20 22:01,2.31,0.00
2025-04-20 20:31,2.31,0.00
2025-04-20 20:01,2.31,0.00
2025-04-20 19:31,2.31,0.00
2025-04-20 19:01,2.31,0.00
2025-04-20 18:31,2.31,0.00
2025-04-20 18:01,2.31,0.00
2025-04-20 17:31,2.31,0.00
2025-04-20 17:01,2.31,0.00
2025-04-20 16:01,2.31,0.00
2025-04-20 15:31,2.31,0.00
2025-04-20 15:01,2.31,0.00
2025-04-20 14:01,2.31,0.00
2025-04-20 13:31,2.31,0.00
2025-04-20 10:31,2.31,0.00
2025-04-20 10:01,2.31,0.00
2025-04-20 09:31,2.31,0.00
2025-04-20 08:31,2.31,0.00
2025-04-20 08:01,2.31,0.00
2025-04-20 07:31,2.31,0.00
2025-04-20 06:31,2.31,0.00
2025-04-20 06:01,2.31,0.00
2025-04-20 05:31,2.31,0.00
2025-04-20 05:01,2.31,0.00
2025-04-20 02:31,2.31,0.00
2025-04-20 02:01,2.31,0.00
2025-04-20 01:01,2.31,0.00
2025-04-20 00:01,2.31,0.00
2025-04-19 22:31,2.31,0.00
2025-04-19 17:31,2.31,0.00
2025-04-19 15:31,2.31,0.00
2025-04-19 14:31,2.31,0.00
2025-04-19 13:31,2.31,0.00
2025-04-19 09:31,2.31,0.00
2025-04-19 09:01,2.31,0.00
2025-04-19 07:01,2.31,0.00
2025-04-19 06:31,2.31,0.00
2025-04-19 06:01,2.31,0.00
2025-04-19 05:31,2.31,0.00
2025-04-19 05:01,2.31,0.00
2025-04-19 03:01,2.31,0.00
2025-04-19 02:31,2.31,0.00
2025-04-19 02:01,2.31,0.00
2025-04-19 01:31,2.31,0.00
2025-04-18 23:31,2.31,0.00
2025-04-18 21:31,2.31,0.00
2025-04-18 19:31,2.31,0.00
2025-04-18 19:01,2.31,0.00
2025-04-18 18:31,2.31,0.00
2025-04-18 18:01,2.31,0.00
2025-04-18 17:31,2.31,0.00
2025-04-18 16:31,2.31,0.00
2025-04-18 14:01,2.31,0.00
2025-04-18 13:01,2.31,0.00
2025-04-18 11:01,2.31,0.00
2025-04-18 09:31,2.31,0.00
2025-04-18 08:01,2.31,0.00
2025-04-18 07:31,2.31,0.00
2025-04-18 06:31,2.31,0.00
2025-04-18 02:31,2.31,0.00
2025-04-18 01:01,2.31,0.00
2025-04-18 00:31,2.31,0.00
2025-04-18 00:01,2.31,0.00
2025-04-17 23:31,2.31,0.00
2025-04-17 23:01,2.31,0.00
2025-04-17 22:31,2.31,0.00
2025-04-17 22:01,2.31,0.00
2025-04-17 21:31,2.31,0.00
2025-04-17 21:01,2.31,0.00
2025-04-17 20:31,2.31,0.00
2025-04-17 20:01,2.31,0.00
2025-04-17 19:31,2.31,0.00
2025-04-17 19:01,2.31,0.00
2025-04-17 18:01,2.31,0.00
2025-04-17 17:31,2.31,0.00
2025-04-17 17:01,2.31,0.00
2025-04-17 15:31,2.31,0.00
2025-04-17 13:31,2.31,0.00
2025-04-17 12:31,2.31,0.00
2025-04-17 12:01,2.31,0.00
2025-04-17 11:31,2.31,0.00
2025-04-17 11:01,2.31,0.00
2025-04-17 09:01,2.31,0.00
2025-04-17 08:01,2.31,0.00
2025-04-17 07:01,2.31,0.00
2025-04-17 06:31,2.31,0.00
2025-04-17 03:31,2.31,0.00
2025-04-17 03:01,2.31,0.00
2025-04-17 02:01,2.31,0.00
2025-04-17 01:01,2.31,0.00
2025-04-16 22:31,2.31,0.00
2025-04-16 21:31,2.31,0.00
2025-04-16 20:01,2.31,0.00
2025-04-16 19:31,2.31,0.00
2025-04-16 18:31,2.31,0.00
2025-04-16 16:01,2.31,0.00
2025-04-16 15:31,2.31,0.00
2025-04-16 12:31,2.31,0.00
2025-04-16 05:31,2.31,0.00
2025-04-16 03:31,2.31,0.00
2025-04-16 02:31,2.31,0.00
2025-04-16 00:31,2.31,0.00
2025-04-15 23:31,2.31,0.00
2025-04-15 23:01,2.31,0.00
2025-04-15 22:31,2.31,0.00
2025-04-15 20:31,2.31,0.00
2025-04-15 20:01,2.31,0.00
2025-04-15 16:31,2.31,0.00
2025-04-15 16:01,2.31,0.00
2025-04-15 14:31,2.31,0.00
2025-04-15 12:01,2.31,0.00
2025-04-15 11:31,2.31,0.00
2025-04-15 10:31,2.31,0.00
2025-04-15 09:01,2.31,0.00
2025-04-15 05:31,2.31,0.00
2025-04-15 02:01,2.31,0.00
2025-04-15 01:31,2.31,0.00
2025-04-15 01:01,2.31,0.00
2025-04-14 23:31,2.31,0.00
2025-04-14 21:31,2.31,0.00
2025-04-14 21:01,2.31,0.00
2025-04-14 20:31,2.31,0.00
2025-04-14 18:31,2.31,0.00
2025-04-14 17:01,2.31,0.00
2025-04-14 16:31,2.31,0.00
2025-04-14 16:01,2.31,0.00
2025-04-14 15:31,2.31,0.00
2025-04-14 15:01,2.31,0.00
2025-04-14 12:31,2.31,0.00
2025-04-14 11:31,2.31,0.00
2025-04-14 08:01,2.31,0.00
2025-04-14 07:31,2.31,0.00
2025-04-14 07:01,2.31,0.00
2025-04-14 06:31,2.31,0.00
2025-04-14 05:31,2.31,0.00
2025-04-14 05:01,2.31,0.00
2025-04-14 03:31,2.31,0.00
2025-04-14 03:01,2.31,0.00
2025-04-14 00:31,2.31,0.00
2025-04-13 23:31,2.31,0.00
2025-04-13 22:01,2.31,0.00
2025-04-13 20:31,2.31,0.00
2025-04-13 20:01,2.31,0.00
2025-04-13 19:01,2.31,0.00
2025-04-13 18:31,2.31,0.00
2025-04-13 14:31,2.31,0.00
2025-04-13 13:31,2.31,0.00
2025-04-13 12:31,2.31,0.00
2025-04-13 11:01,2.31,0.00
2025-04-13 10:01,2.31,0.00
2025-04-13 09:01,2.31,0.00
2025-04-13 08:31,2.31,0.00
2025-04-13 08:01,2.31,0.00
2025-04-13 06:31,2.31,0.00
2025-04-13 04:01,2.31,0.00
2025-04-13 02:01,2.31,0.00
2025-04-12 23:01,2.31,0.00
2025-04-12 22:31,2.31,0.00
2025-04-12 21:01,2.31,0.00
2025-04-12 18:31,2.31,0.00
2025-04-12 18:04,2.31,0.00
2025-04-12 18:03,2.31,0.00
2025-04-12 18:01,2.31,0.00
2025-04-12 17:31,2.31,0.00
2025-04-12 17:01,2.31,0.00
2025-04-12 16:01,2.31,0.00
2025-04-12 09:31,2.31,0.00
2025-04-12 07:31,2.31,0.00
2025-04-12 06:31,2.31,0.00
2025-04-12 06:01,2.31,0.00
2025-04-12 05:31,2.31,0.00
2025-04-12 05:01,2.31,0.00
2025-04-12 04:31,2.31,0.00
2025-04-12 02:01,2.31,0.00
2025-04-12 01:31,2.31,0.00
2025-04-12 00:31,2.31,0.00
2025-04-11 22:01,2.31,0.00
2025-04-11 21:31,2.31,0.00
2025-04-11 19:31,2.31,0.00
2025-04-11 18:01,2.31,0.00
2025-04-11 15:31,2.31,0.00
2025-04-11 13:31,2.31,0.00
2025-04-11 12:31,2.31,0.00
2025-04-11 12:01,2.31,0.00
2025-04-11 11:31,2.31,0.00
2025-04-11 10:01,2.31,0.00
2025-04-11 09:01,2.31,0.00
2025-04-11 08:31,2.31,0.00
2025-04-11 08:01,2.31,0.00
2025-04-11 07:01,2.31,0.00
2025-04-11 06:31,2.31,0.00
2025-04-11 05:01,2.31,0.00
2025-04-11 04:31,2.31,0.00
2025-04-11 02:01,2.31,0.00
2025-04-11 01:31,2.31,0.00
2025-04-10 22:31,2.31,0.00
2025-04-10 22:01,2.31,0.00
2025-04-10 21:01,2.31,0.00
2025-04-10 20:31,2.31,0.00
2025-04-10 20:01,2.31,0.00
2025-04-10 19:31,2.31,0.00
2025-04-10 19:01,2.31,0.00
2025-04-10 18:31,2.31,0.00
2025-04-10 18:01,2.31,0.00
2025-04-10 17:01,2.31,0.00
2025-04-10 12:31,2.31,0.00
2025-04-10 12:01,2.31,0.00
2025-04-10 10:31,2.31,0.00
2025-04-10 10:01,2.31,0.00
2025-04-10 09:01,2.31,0.00
2025-04-10 07:01,2.31,0.00
2025-04-10 06:31,2.31,0.00
2025-04-10 05:31,2.31,0.00
2025-04-10 04:31,2.31,0.00
2025-04-10 04:01,2.31,0.00
2025-04-10 03:01,2.31,0.00
2025-04-10 00:01,2.31,0.00
2025-04-09 22:31,2.31,0.00
2025-04-09 22:01,2.31,0.00
2025-04-09 20:31,2.31,0.00
2025-04-09 18:31,2.31,0.00
2025-04-09 18:01,2.31,0.00
2025-04-09 17:31,2.31,0.00
2025-04-09 15:31,2.31,0.00
2025-04-09 14:31,2.31,0.00
2025-04-09 14:01,2.31,0.00
2025-04-09 13:31,2.31,0.00
2025-04-09 13:01,2.31,0.00
2025-04-09 12:31,2.31,0.00
2025-04-09 11:01,2.31,0.00
2025-04-09 09:01,2.31,0.00
2025-04-09 08:01,2.31,0.00
2025-04-09 07:01,2.31,0.00
2025-04-09 06:31,2.31,0.00
2025-04-09 02:31,2.31,0.00
2025-04-09 02:01,2.31,0.00
2025-04-08 23:31,2.31,0.00
2025-04-08 23:01,2.31,0.00
2025-04-08 21:31,2.31,0.00
2025-04-08 21:01,2.31,0.00
2025-04-08 19:31,2.31,0.00
2025-04-08 19:01,2.31,0.00
2025-04-08 17:01,2.31,0.00
2025-04-08 14:31,2.31,0.00
2025-04-08 14:01,2.31,0.00
2025-04-08 13:01,2.31,0.00
2025-04-08 12:31,2.31,0.00
2025-04-08 11:31,2.31,0.00
2025-04-08 10:31,2.31,0.00
2025-04-08 09:01,2.31,0.00
2025-04-08 07:31,2.31,0.00
2025-04-08 07:01,2.31,0.00
2025-04-08 06:01,2.31,0.00
2025-04-08 05:31,2.31,0.00
2025-04-08 05:01,2.31,0.00
2025-04-08 04:31,2.31,0.00
2025-04-08 04:01,2.31,0.00
2025-04-08 03:31,2.31,0.00
2025-04-08 03:01,2.31,0.00
2025-04-08 00:01,2.31,0.00
2025-04-07 23:01,2.31,0.00
2025-04-07 22:31,2.31,0.00
2025-04-07 22:01,2.31,0.00
2025-04-07 21:31,2.31,0.00
2025-04-07 21:01,2.31,0.00
2025-04-07 19:31,2.31,0.00
2025-04-07 19:01,2.31,0.00
2025-04-07 18:31,2.31,0.00
2025-04-07 16:01,2.31,0.00
2025-04-07 15:31,2.31,0.00
2025-04-07 14:31,2.31,0.00
2025-04-07 13:01,2.31,0.00
2025-04-07 12:01,2.31,0.00
2025-04-07 07:31,2.31,0.00
2025-04-07 07:01,2.31,0.00
2025-04-07 05:31,2.31,0.00
2025-04-07 05:01,2.31,0.00
2025-04-07 04:31,2.31,0.00
2025-04-07 03:31,2.31,0.00
2025-04-07 02:31,2.31,0.00
2025-04-07 02:01,2.31,0.00
2025-04-07 01:01,2.31,0.00
2025-04-07 00:31,2.31,0.00
2025-04-07 00:01,2.31,0.00
2025-04-06 22:01,2.31,0.00
2025-04-06 21:31,2.31,0.00
2025-04-06 21:01,2.31,0.00
2025-04-06 20:31,2.31,0.00
2025-04-06 19:31,2.31,0.00
2025-04-06 15:31,2.31,0.00
2025-04-06 14:01,2.31,0.00
2025-04-06 13:01,2.31,0.00
2025-04-06 12:01,2.31,0.00
2025-04-06 08:31,2.31,0.00
2025-04-06 07:31,2.31,0.00
2025-04-06 07:01,2.31,0.00
2025-04-06 06:31,2.31,0.19
2025-04-06 04:01,2.12,0.00
2025-04-06 03:01,2.12,0.00
2025-04-06 02:31,2.12,0.00
2025-04-06 01:01,2.12,0.00
2025-04-05 23:31,2.12,0.00
2025-04-05 23:01,2.12,0.00
2025-04-05 22:01,2.12,0.00
2025-04-05 21:31,2.12,0.00
2025-04-05 21:01,2.12,0.00
2025-04-05 20:31,2.12,0.00
2025-04-05 19:31,2.12,0.00
2025-04-05 19:01,2.12,0.00
2025-04-05 18:01,2.12,0.00
2025-04-05 17:01,2.12,0.00
2025-04-05 16:31,2.12,0.00
2025-04-05 13:01,2.12,0.00
2025-04-05 09:31,2.12,0.00
2025-04-05 06:01,2.12,0.00
2025-04-05 03:31,2.12,0.00
2025-04-05 02:31,2.12,0.00
2025-04-05 00:31,2.12,0.00
2025-04-04 21:31,2.12,0.00
2025-04-04 21:01,2.12,0.00
2025-04-04 20:31,2.12,0.00
2025-04-04 19:01,2.12,0.00
2025-04-04 18:31,2.12,0.00
2025-04-04 18:01,2.12,0.00
2025-04-04 16:31,2.12,0.00
2025-04-04 16:01,2.12,0.00
2025-04-04 15:31,2.12,0.00
2025-04-04 15:01,2.12,0.00
2025-04-04 14:31,2.12,0.00
2025-04-04 14:01,2.12,0.00
2025-04-04 12:01,2.12,0.00
2025-04-04 07:31,2.12,0.00
2025-04-04 06:01,2.12,0.00
2025-04-04 05:01,2.12,0.00
2025-04-04 04:01,2.12,0.00
2025-04-04 02:31,2.12,0.00
2025-04-04 00:31,2.12,0.00
2025-04-03 23:31,2.12,0.00
2025-04-03 23:01,2.12,0.00
2025-04-03 22:01,2.12,0.00
2025-04-03 20:01,2.12,0.00
2025-04-03 19:31,2.12,0.00
2025-04-03 18:31,2.12,0.00
2025-04-03 18:01,2.12,0.00
2025-04-03 15:01,2.12,0.00
2025-04-03 14:31,2.12,0.00
2025-04-03 09:31,2.12,0.00
2025-04-03 08:01,2.12,0.00
2025-04-03 07:31,2.12,0.00
2025-04-03 06:31,2.12,0.00
2025-04-03 06:01,2.12,0.00
2025-04-03 04:31,2.12,0.00
2025-04-03 02:01,2.12,0.00
2025-04-03 00:31,2.12,0.00
2025-04-03 00:01,2.12,0.00
2025-04-02 23:31,2.12,0.00
2025-04-02 17:31,2.12,0.00
2025-04-02 17:01,2.12,0.00
2025-04-02 16:31,2.12,0.00
2025-04-02 14:31,2.12,0.00
2025-04-02 13:01,2.12,0.00
2025-04-02 12:31,2.12,0.00
2025-04-02 10:31,2.12,0.00
2025-04-02 10:01,2.12,0.00
2025-04-02 09:31,2.12,0.00
2025-04-02 09:01,2.12,0.00
2025-04-02 08:31,2.12,0.00
2025-04-02 08:01,2.12,0.00
2025-04-02 07:31,2.12,0.00
2025-04-02 06:01,2.12,0.00
2025-04-02 02:31,2.12,0.00
2025-04-02 01:01,2.12,0.00
2025-04-02 00:01,2.12,0.00
2025-04-01 23:31,2.12,0.00
2025-04-01 23:01,2.12,0.00
2025-04-01 22:01,2.12,0.00
2025-04-01 21:01,2.12,0.00
2025-04-01 20:31,2.12,0.00
2025-04-01 20:01,2.12,0.00
2025-04-01 17:31,2.12,0.00
2025-04-01 16:31,2.12,0.00
2025-04-01 16:01,2.12,0.00
2025-04-01 15:31,2.12,0.00
2025-04-01 15:01,2.12,0.00
2025-04-01 12:31,2.12,0.00
2025-04-01 11:31,2.12,0.00
2025-04-01 11:01,2.12,0.00
2025-04-01 10:01,2.12,0.00
2025-04-01 09:31,2.12,0.00
2025-04-01 05:01,2.12,0.00
2025-04-01 03:31,2.12,0.00
2025-04-01 01:31,2.12,0.00
2025-04-01 00:01,2.12,0.00
2025-03-31 22:01,2.12,0.00
2025-03-31 20:01,2.12,0.00
2025-03-31 19:31,2.12,0.00
2025-03-31 18:31,2.12,0.00
2025-03-31 17:31,2.12,0.00
2025-03-31 16:31,2.12,0.00
2025-03-31 14:01,2.12,0.00
2025-03-31 13:31,2.12,0.00
2025-03-31 12:01,2.12,0.00
2025-03-31 11:31,2.12,0.00
2025-03-31 11:01,2.12,0.00
2025-03-31 10:31,2.12,0.00
2025-03-31 10:01,2.12,0.00
2025-03-31 08:31,2.12,0.00
2025-03-31 07:31,2.12,0.00
2025-03-31 07:01,2.12,0.00
2025-03-31 06:31,2.12,0.00
2025-03-31 05:01,2.12,0.00
2025-03-31 04:31,2.12,0.00
2025-03-31 03:31,2.12,0.00
2025-03-31 03:01,2.12,0.00
2025-03-31 02:31,2.12,0.00
2025-03-31 00:31,2.12,0.00
2025-03-31 00:01,2.12,0.00
2025-03-30 23:31,2.12,0.00
2025-03-30 23:01,2.12,0.00
2025-03-30 22:31,2.12,0.00
2025-03-30 22:01,2.12,0.00
2025-03-30 17:31,2.12,0.00
2025-03-30 17:01,2.12,0.00
2025-03-30 16:31,2.12,0.00
2025-03-30 13:01,2.12,0.00
2025-03-30 12:01,2.12,0.00
2025-03-30 11:01,2.12,0.00
2025-03-30 10:31,2.12,0.00
2025-03-30 10:01,2.12,0.00
2025-03-30 09:01,2.12,0.00
2025-03-30 06:01,2.12,0.00
2025-03-30 05:31,2.12,0.00
2025-03-30 05:01,2.12,0.00
2025-03-30 04:31,2.12,0.00
2025-03-30 03:01,2.12,0.00
2025-03-30 02:31,2.12,0.00
2025-03-30 02:01,2.12,0.00
2025-03-30 00:01,2.12,0.00
2025-03-29 20:31,2.12,0.00
2025-03-29 20:01,2.12,0.00
2025-03-29 19:31,2.12,0.00
2025-03-29 18:31,2.12,0.00
2025-03-29 18:01,2.12,0.00
2025-03-29 17:01,2.12,0.00
2025-03-29 16:31,2.12,0.00
2025-03-29 16:01,2.12,0.00
2025-03-29 15:01,2.12,0.00
2025-03-29 14:01,2.12,0.00
2025-03-29 13:31,2.12,0.00
2025-03-29 13:01,2.12,0.00
2025-03-29 12:01,2.12,0.00
2025-03-29 08:31,2.12,0.00
2025-03-29 07:31,2.12,0.00
2025-03-29 06:01,2.12,0.00
2025-03-29 05:01,2.12,0.00
2025-03-29 04:31,2.12,0.00
2025-03-29 00:31,2.12,0.00
2025-03-28 23:31,2.12,0.00
2025-03-28 21:31,2.12,0.00
2025-03-28 21:01,2.12,0.00
2025-03-28 18:31,2.12,0.00
2025-03-28 16:01,2.12,0.00
2025-03-28 15:31,2.12,0.00
2025-03-28 14:31,2.12,0.00
2025-03-28 14:01,2.12,0.00
2025-03-28 10:31,2.12,0.00
2025-03-28 09:31,2.12,0.00
2025-03-28 08:31,2.12,0.00
2025-03-28 07:31,2.12,0.00
2025-03-28 05:01,2.12,0.00
2025-03-28 04:31,2.12,0.00
2025-03-28 04:01,2.12,0.00
2025-03-28 03:31,2.12,0.00
2025-03-28 03:01,2.12,0.00
2025-03-27 23:31,2.12,0.00
2025-03-27 21:01,2.12,0.00
2025-03-27 20:31,2.12,0.00
2025-03-27 17:31,2.12,0.00
2025-03-27 16:01,2.12,0.00
2025-03-27 13:31,2.12,0.00
2025-03-27 13:01,2.12,0.00
2025-03-27 12:31,2.12,0.00
2025-03-27 12:01,2.12,0.00
2025-03-27 11:01,2.12,0.00
2025-03-27 08:01,2.12,0.00
2025-03-27 06:31,2.12,0.00
2025-03-27 06:31,2.12,0.00
2025-03-27 05:01,2.12,0.00
2025-03-27 04:01,2.12,0.00
2025-03-27 02:01,2.12,0.00
2025-03-27 01:31,2.12,0.00
2025-03-27 01:01,2.12,0.00
2025-03-27 00:31,2.12,0.00
2025-03-27 00:01,2.12,0.00
2025-03-26 23:31,2.12,0.00
2025-03-26 23:01,2.12,0.00
2025-03-26 19:31,2.12,0.00
2025-03-26 19:01,2.12,0.00
2025-03-26 18:31,2.12,0.00
2025-03-26 18:01,2.12,0.00
2025-03-26 17:31,2.12,0.00
2025-03-26 17:01,2.12,0.00
2025-03-26 16:31,2.12,0.00
2025-03-26 16:01,2.12,0.00
2025-03-26 15:31,2.12,0.00
2025-03-26 15:01,2.12,0.00
2025-03-26 14:31,2.12,0.00
2025-03-26 12:31,2.12,0.00
2025-03-26 10:31,2.12,0.00
2025-03-26 10:01,2.12,0.00
2025-03-26 09:01,2.12,0.00
2025-03-26 06:31,2.12,0.00
2025-03-26 05:31,2.12,0.00
2025-03-26 05:01,2.12,0.00
2025-03-26 04:01,2.12,0.00
2025-03-26 02:31,2.12,0.00
2025-03-26 02:01,2.12,0.00
2025-03-26 01:31,2.12,0.00
2025-03-26 00:31,2.12,0.00
2025-03-26 00:01,2.12,0.00
2025-03-25 22:31,2.12,0.00
2025-03-25 15:31,2.12,0.00
2025-03-25 15:01,2.12,0.00
2025-03-25 13:31,2.12,0.00
2025-03-25 13:01,2.12,0.00
2025-03-25 10:31,2.12,0.00
2025-03-25 10:01,2.12,0.00
2025-03-25 09:01,2.12,0.00
2025-03-25 08:31,2.12,0.00
2025-03-25 07:01,2.12,0.00
2025-03-25 05:01,2.12,0.00
2025-03-25 04:31,2.12,0.00
2025-03-25 04:01,2.12,0.00
2025-03-25 01:01,2.12,0.00
2025-03-25 00:31,2.12,0.00
2025-03-25 00:01,2.12,0.00
2025-03-24 23:01,2.12,0.00
2025-03-24 22:01,2.12,0.00
2025-03-24 20:01,2.12,0.00
2025-03-24 19:31,2.12,0.00
2025-03-24 18:31,2.12,0.00
2025-03-24 17:31,2.12,0.00
2025-03-24 17:01,2.12,0.00
2025-03-24 14:31,2.12,0.00
2025-03-24 13:31,2.12,0.00
2025-03-24 12:31,2.12,0.00
2025-03-24 11:31,2.12,0.00
2025-03-24 10:01,2.12,0.00
2025-03-24 08:31,2.12,0.00
2025-03-24 08:01,2.12,0.00
2025-03-24 07:31,2.12,0.00
2025-03-24 07:01,2.12,0.00
2025-03-24 06:31,2.12,0.00
2025-03-24 05:01,2.12,0.00
2025-03-24 04:01,2.12,0.00
2025-03-24 03:31,2.12,0.00
2025-03-24 03:01,2.12,0.19
2025-03-24 02:31,1.93,0.00
2025-03-23 22:01,1.93,0.00
2025-03-23 18:01,1.93,0.00
2025-03-23 17:01,1.93,0.00
2025-03-23 16:01,1.93,0.00
2025-03-23 15:01,1.93,0.00
2025-03-23 12:01,1.93,0.00
2025-03-23 11:31,1.93,0.00
2025-03-23 11:01,1.93,0.00
2025-03-23 10:31,1.93,0.00
2025-03-23 10:01,1.93,0.00
2025-03-23 09:01,1.93,0.00
2025-03-23 08:01,1.93,0.00
2025-03-23 05:31,1.93,0.00
2025-03-23 04:31,1.93,0.00
2025-03-23 02:31,1.93,0.00
2025-03-22 22:31,1.93,0.00
2025-03-22 21:31,1.93,0.00
2025-03-22 19:01,1.93,0.00
2025-03-22 10:31,1.93,0.00
2025-03-22 10:01,1.93,0.11
2025-03-22 09:01,1.82,0.00
2025-03-22 06:31,1.82,0.00
2025-03-22 04:31,1.82,0.00
2025-03-22 04:01,1.82,0.00
2025-03-22 03:01,1.82,0.00
2025-03-21 23:31,1.82,0.00
2025-03-21 19:01,1.82,0.00
2025-03-21 15:31,1.82,0.00
2025-03-21 15:01,1.82,0.00
2025-03-21 13:31,1.82,0.00
2025-03-21 12:01,1.82,0.00
2025-03-21 11:31,1.82,0.00
2025-03-21 10:31,1.82,0.00
2025-03-21 09:31,1.82,0.00
2025-03-21 08:01,1.82,0.00
2025-03-21 06:01,1.82,0.00
2025-03-21 05:31,1.82,0.00
2025-03-21 04:31,1.82,0.00
2025-03-21 04:01,1.82,0.00
2025-03-21 03:01,1.82,0.00
2025-03-20 22:01,1.82,0.00
2025-03-20 19:31,1.82,0.00
2025-03-20 16:31,1.82,0.00
2025-03-20 15:31,1.82,0.00
2025-03-20 13:01,1.82,0.00
2025-03-20 12:31,1.82,0.00
2025-03-20 11:01,1.82,0.00
2025-03-20 09:31,1.82,0.00
2025-03-20 07:31,1.82,0.00
2025-03-20 06:31,1.82,0.00
2025-03-20 06:01,1.82,0.00
2025-03-20 05:01,1.82,0.00
2025-03-20 04:31,1.82,0.00
2025-03-20 02:31,1.82,0.00
2025-03-20 01:01,1.82,0.00
2025-03-20 00:31,1.82,0.00
2025-03-19 22:31,1.82,0.00
2025-03-19 22:01,1.82,0.00
2025-03-19 19:31,1.82,0.00
2025-03-19 19:01,1.82,0.00
2025-03-19 18:31,1.82,0.00
2025-03-19 18:01,1.82,0.00
2025-03-19 17:01,1.82,0.00
2025-03-19 16:31,1.82,0.00
2025-03-19 15:01,1.82,0.00
2025-03-19 13:31,1.82,0.00
2025-03-19 11:31,1.82,0.00
2025-03-19 11:01,1.82,0.00
2025-03-19 10:01,1.82,0.00
2025-03-19 08:01,1.82,0.00
2025-03-19 07:01,1.82,0.00
2025-03-19 06:01,1.82,0.00
2025-03-19 04:31,1.82,0.00
2025-03-19 04:01,1.82,0.00
2025-03-19 02:31,1.82,0.00
2025-03-19 02:01,1.82,0.00
2025-03-19 01:01,1.82,0.00
2025-03-18 22:01,1.82,0.00
2025-03-18 19:31,1.82,0.00
2025-03-18 12:31,1.82,0.00
2025-03-18 12:01,1.82,0.00
2025-03-18 11:31,1.82,0.00
2025-03-18 10:31,1.82,0.00
2025-03-18 09:31,1.82,0.00
2025-03-18 08:31,1.82,0.00
2025-03-18 07:31,1.82,0.00
2025-03-18 07:01,1.82,0.00
2025-03-18 06:01,1.82,0.00
2025-03-18 05:01,1.82,0.00
2025-03-18 04:31,1.82,0.00
2025-03-18 03:31,1.82,0.00
2025-03-18 03:01,1.82,0.00
2025-03-18 02:01,1.82,0.00
2025-03-18 00:31,1.82,0.00
2025-03-17 23:01,1.82,0.00
2025-03-17 22:31,1.82,0.00
2025-03-17 21:31,1.82,0.00
2025-03-17 18:01,1.82,0.00
2025-03-17 17:31,1.82,0.00
2025-03-17 13:01,1.82,0.00
2025-03-17 09:01,1.82,0.00
2025-03-17 08:31,1.82,0.00
2025-03-17 06:31,1.82,0.00
2025-03-17 06:01,1.82,0.00
2025-03-17 05:31,1.82,0.00
2025-03-17 05:01,1.82,0.00
2025-03-17 03:01,1.82,0.00
2025-03-17 02:31,1.82,0.00
2025-03-17 00:01,1.82,0.00
2025-03-16 23:01,1.82,0.00
2025-03-16 22:31,1.82,0.00
2025-03-16 21:01,1.82,0.00
2025-03-16 20:31,1.82,0.00
2025-03-16 19:31,1.82,0.00
2025-03-16 18:31,1.82,0.00
2025-03-16 16:31,1.82,0.00
2025-03-16 16:01,1.82,0.00
2025-03-16 14:31,1.82,0.00
2025-03-16 12:31,1.82,0.00
2025-03-16 12:01,1.82,0.00
2025-03-16 09:31,1.82,0.00
2025-03-16 07:31,1.82,0.00
2025-03-16 07:01,1.82,0.00
2025-03-16 05:01,1.82,0.00
2025-03-16 03:31,1.82,0.00
2025-03-15 22:31,1.82,0.00
2025-03-15 21:31,1.82,0.00
2025-03-15 18:31,1.82,0.00
2025-03-15 17:31,1.82,0.00
2025-03-15 17:01,1.82,0.00
2025-03-15 16:01,1.82,0.00
2025-03-15 14:31,1.82,0.00
2025-03-15 14:01,1.82,0.00
2025-03-15 13:01,1.82,0.00
2025-03-15 12:31,1.82,0.00
2025-03-15 11:31,1.82,0.00
2025-03-15 10:01,1.82,0.00
2025-03-15 09:31,1.82,0.00
2025-03-15 07:01,1.82,0.00
2025-03-15 05:01,1.82,0.00
2025-03-15 02:31,1.82,0.00
2025-03-15 01:01,1.82,0.00
2025-03-15 00:31,1.82,0.00
2025-03-15 00:08,1.82,0.00
2025-03-15 00:04,1.82,0.00
2025-03-15 00:01,1.82,0.00
2025-03-14 22:01,1.82,0.00
2025-03-14 18:01,1.82,0.00
2025-03-14 17:31,1.82,0.00
2025-03-14 17:01,1.82,0.00
2025-03-14 16:01,1.82,0.00
2025-03-14 15:31,1.82,0.00
2025-03-14 15:01,1.82,0.00
2025-03-14 13:31,1.82,0.00
2025-03-14 11:01,1.82,0.00
2025-03-14 06:31,1.82,0.00
2025-03-14 06:01,1.82,0.00
2025-03-14 05:31,1.82,0.00
2025-03-14 02:01,1.82,0.00
2025-03-14 01:31,1.82,0.00
2025-03-13 23:31,1.82,0.00
2025-03-13 22:01,1.82,0.00
2025-03-13 21:31,1.82,0.00
2025-03-13 20:31,1.82,0.00
2025-03-13 19:31,1.82,0.00
2025-03-13 15:31,1.82,0.00
2025-03-13 14:31,1.82,0.00
2025-03-13 10:01,1.82,0.00
2025-03-13 09:31,1.82,0.00
2025-03-13 09:01,1.82,0.00
2025-03-13 08:01,1.82,0.00
2025-03-13 07:31,1.82,0.00
2025-03-13 06:01,1.82,0.00
2025-03-13 04:31,1.82,0.00
2025-03-13 04:01,1.82,0.00
2025-03-13 03:01,1.82,0.00
2025-03-13 01:01,1.82,0.00
2025-03-12 23:01,1.82,0.00
2025-03-12 22:31,1.82,0.00
2025-03-12 22:01,1.82,0.00
2025-03-12 21:31,1.82,0.00
2025-03-12 19:01,1.82,0.00
2025-03-12 16:00,1.82,0.00
2025-03-12 14:30,1.82,0.00
2025-03-12 11:01,1.82,0.00
2025-03-12 10:31,1.82,0.00
2025-03-12 09:30,1.82,0.00
2025-03-12 09:00,1.82,0.00
2025-03-12 08:31,1.82,0.00
2025-03-12 07:30,1.82,0.00
2025-03-12 07:00,1.82,0.00
2025-03-12 06:00,1.82,0.00
2025-03-12 05:00,1.82,0.00
2025-03-12 03:00,1.82,0.00
2025-03-12 02:00,1.82,0.00
2025-03-11 20:00,1.82,0.00
2025-03-11 19:00,1.82,0.00
2025-03-11 17:30,1.82,0.00
2025-03-11 16:00,1.82,0.00
2025-03-11 14:00,1.82,0.00
2025-03-11 13:00,1.82,0.00
2025-03-11 11:30,1.82,0.00
2025-03-11 11:00,1.82,0.00
2025-03-11 08:00,1.82,0.00
2025-03-11 07:00,1.82,0.67
2025-03-11 05:00,1.15,0.00
2025-03-11 04:30,1.15,0.00
2025-03-11 02:00,1.15,0.00
2025-03-11 01:30,1.15,0.00
2025-03-11 00:30,1.15,0.00
2025-03-10 23:00,1.15,0.00
2025-03-10 22:30,1.15,0.00
2025-03-10 21:30,1.15,0.00
2025-03-10 21:00,1.15,0.00
2025-03-10 20:30,1.15,0.00
2025-03-10 19:00,1.15,0.00
2025-03-10 16:00,1.15,0.00
2025-03-10 15:30,1.15,0.00
2025-03-10 15:00,1.15,0.00
2025-03-10 14:30,1.15,0.00
2025-03-10 14:00,1.15,0.00
2025-03-10 10:30,1.15,0.00
2025-03-10 09:30,1.15,0.00
2025-03-10 09:00,1.15,0.00
2025-03-10 06:30,1.15,0.00
2025-03-10 06:00,1.15,0.00
2025-03-10 05:30,1.15,0.00
2025-03-10 05:00,1.15,0.00
2025-03-09 22:30,1.15,0.00
2025-03-09 21:30,1.15,0.00
2025-03-09 13:30,1.15,0.00
2025-03-09 13:00,1.15,0.00
2025-03-09 12:30,1.15,0.00
2025-03-09 10:00,1.15,0.00
2025-03-09 09:00,1.15,0.00
2025-03-09 07:30,1.15,0.00
2025-03-09 07:00,1.15,0.00
2025-03-09 05:00,1.15,0.00
2025-03-09 03:00,1.15,0.00
2025-03-09 02:30,1.15,0.00
2025-03-08 21:30,1.15,0.00
2025-03-08 21:00,1.15,0.00
2025-03-08 20:30,1.15,0.00
2025-03-08 16:00,1.15,0.00
2025-03-08 14:00,1.15,0.00
2025-03-08 13:30,1.15,0.00
2025-03-08 12:30,1.15,0.00
2025-03-08 10:00,1.15,0.00
2025-03-08 09:00,1.15,0.00
2025-03-08 08:30,1.15,0.00
2025-03-08 08:00,1.15,0.00
2025-03-08 07:30,1.15,0.00
2025-03-08 06:30,1.15,0.00
2025-03-08 06:00,1.15,0.00
2025-03-08 05:30,1.15,0.00
2025-03-08 02:30,1.15,0.00
2025-03-08 01:00,1.15,0.00
2025-03-07 20:30,1.15,0.00
2025-03-07 20:00,1.15,0.00
2025-03-07 19:00,1.15,0.00
2025-03-07 17:00,1.15,0.00
2025-03-07 16:00,1.15,0.00
2025-03-07 14:30,1.15,0.00
2025-03-07 14:00,1.15,0.00
2025-03-07 11:00,1.15,0.00
2025-03-07 10:30,1.15,0.00
2025-03-07 10:00,1.15,0.00
2025-03-07 09:30,1.15,0.00
2025-03-07 07:00,1.15,0.00
2025-03-07 06:30,1.15,0.00
2025-03-07 06:00,1.15,0.00
2025-03-07 05:30,1.15,0.00
2025-03-07 05:00,1.15,0.00
2025-03-06 23:00,1.15,0.00
2025-03-06 22:00,1.15,0.00
2025-03-06 21:30,1.15,0.00
2025-03-06 21:00,1.15,0.00
2025-03-06 16:00,1.15,0.00
2025-03-06 15:30,1.15,0.00
2025-03-06 14:00,1.15,0.00
2025-03-06 13:30,1.15,0.00
2025-03-06 11:30,1.15,0.00
2025-03-06 09:30,1.15,0.00
2025-03-06 08:30,1.15,0.19
2025-03-06 08:00,0.96,0.00
2025-03-06 07:00,0.96,0.00
2025-03-06 06:00,0.96,0.00
2025-03-06 05:31,0.96,0.00
2025-03-06 05:01,0.96,0.00
2025-03-06 03:31,0.96,0.00
2025-03-06 01:01,0.96,0.00
2025-03-06 00:31,0.96,0.00
2025-03-06 00:01,0.96,0.00
2025-03-05 23:31,0.96,0.00
2025-03-05 23:00,0.96,0.00
2025-03-05 22:00,0.96,0.00
2025-03-05 21:30,0.96,0.00
2025-03-05 20:30,0.96,0.00
2025-03-05 15:30,0.96,0.00
2025-03-05 14:00,0.96,0.00
2025-03-05 10:00,0.96,0.00
2025-03-05 09:30,0.96,0.00
2025-03-05 08:30,0.96,0.00
2025-03-05 06:30,0.96,0.00
2025-03-05 06:00,0.96,0.00
2025-03-05 05:30,0.96,0.00
2025-03-05 05:00,0.96,0.00
2025-03-05 04:00,0.96,0.00
2025-03-05 03:30,0.96,0.00
2025-03-05 03:00,0.96,0.00
2025-03-05 02:30,0.96,0.00
2025-03-05 02:00,0.96,0.00
2025-03-05 01:00,0.96,0.00
2025-03-04 23:00,0.96,0.00
2025-03-04 22:00,0.96,0.00
2025-03-04 19:30,0.96,0.00
2025-03-04 19:00,0.96,0.00
2025-03-04 18:00,0.96,0.00
2025-03-04 15:30,0.96,0.00
2025-03-04 15:00,0.96,0.00
2025-03-04 14:30,0.96,0.00
2025-03-04 13:30,0.96,0.00
2025-03-04 13:00,0.96,0.00
2025-03-04 12:00,0.96,0.00
2025-03-04 11:30,0.96,0.00
2025-03-04 11:00,0.96,0.00
2025-03-04 10:00,0.96,0.00
2025-03-04 09:30,0.96,0.00
2025-03-04 09:00,0.96,0.00
2025-03-04 08:30,0.96,0.00
2025-03-04 07:00,0.96,0.00
2025-03-04 06:00,0.96,0.00
2025-03-04 03:30,0.96,0.00
2025-03-04 03:00,0.96,0.00
2025-03-04 02:30,0.96,0.00
2025-03-04 01:00,0.96,0.00
2025-03-04 00:00,0.96,0.00
2025-03-03 23:30,0.96,0.00
2025-03-03 23:00,0.96,0.00
2025-03-03 22:00,0.96,0.00
2025-03-03 18:30,0.96,0.00
2025-03-03 18:00,0.96,0.00
2025-03-03 17:00,0.96,0.00
2025-03-03 16:30,0.96,0.00
2025-03-03 13:30,0.96,0.00
2025-03-03 12:30,0.96,0.00
2025-03-03 12:00,0.96,0.00
2025-03-03 09:00,0.96,0.00
2025-03-03 08:30,0.96,0.00
2025-03-03 05:00,0.96,0.00
2025-03-03 04:30,0.96,0.00
2025-03-03 04:00,0.96,0.00
2025-03-03 03:30,0.96,0.00
2025-03-03 03:00,0.96,0.00
2025-03-03 02:30,0.96,0.00
2025-03-02 21:30,0.96,0.00
2025-03-02 21:00,0.96,0.00
2025-03-02 20:00,0.96,0.00
2025-03-02 17:00,0.96,0.00
2025-03-02 16:30,0.96,0.00
2025-03-02 15:30,0.96,0.00
2025-03-02 15:00,0.96,0.00
2025-03-02 13:30,0.96,0.00
2025-03-02 13:00,0.96,0.00
2025-03-02 12:00,0.96,0.00
2025-03-02 11:30,0.96,0.00
2025-03-02 11:00,0.96,0.00
2025-03-02 09:30,0.96,0.00
2025-03-02 08:30,0.96,0.00
2025-03-02 08:00,0.96,0.00
2025-03-02 07:30,0.96,0.00
2025-03-02 06:00,0.96,0.00
2025-03-02 05:00,0.96,0.00
2025-03-02 04:00,0.96,0.00
2025-03-02 02:30,0.96,0.00
2025-03-02 01:30,0.96,0.00
2025-03-02 01:00,0.96,0.00
2025-03-02 00:30,0.96,0.00
2025-03-01 21:30,0.96,0.00
2025-03-01 19:00,0.96,0.00
2025-03-01 18:00,0.96,0.00
2025-03-01 17:00,0.96,0.00
2025-03-01 16:30,0.96,0.00
2025-03-01 16:00,0.96,0.00
2025-03-01 15:30,0.96,0.00
2025-03-01 15:00,0.96,0.00
2025-03-01 14:00,0.96,0.00
2025-03-01 13:00,0.96,0.00
2025-03-01 11:00,0.96,0.00
2025-03-01 07:00,0.96,0.00
2025-03-01 06:00,0.96,0.00
2025-03-01 05:30,0.96,0.00
2025-03-01 01:30,0.96,0.00
2025-03-01 01:00,0.96,0.00
2025-02-28 20:30,0.96,0.00
2025-02-28 19:30,0.96,0.00
2025-02-28 19:00,0.96,0.00
2025-02-28 16:00,0.96,0.00
2025-02-28 15:00,0.96,0.19
2025-02-28 14:30,0.77,0.00
2025-02-28 14:00,0.77,0.00
2025-02-28 11:30,0.77,0.00
2025-02-28 11:00,0.77,0.00
2025-02-28 07:00,0.77,0.00
2025-02-28 06:00,0.77,0.00
2025-02-28 04:30,0.77,0.20
2025-02-28 03:30,0.57,0.00
2025-02-28 03:00,0.57,0.00
2025-02-28 02:00,0.57,0.00
2025-02-28 01:30,0.57,0.00
2025-02-27 22:30,0.57,0.00
2025-02-27 21:30,0.57,0.00
2025-02-27 19:00,0.57,0.00
2025-02-27 18:30,0.57,0.00
2025-02-27 18:00,0.57,0.00
2025-02-27 16:31,0.57,0.00
2025-02-27 16:00,0.57,0.19
2025-02-27 15:00,0.38,0.00
2025-02-27 14:30,0.38,0.00
2025-02-27 12:00,0.38,0.00
2025-02-27 11:30,0.38,0.00
2025-02-27 11:00,0.38,0.00
2025-02-27 10:00,0.38,0.00
2025-02-27 08:30,0.38,0.00
2025-02-27 05:30,0.38,0.00
2025-02-27 05:00,0.38,0.00
2025-02-27 04:30,0.38,0.00
2025-02-27 04:00,0.38,0.00
2025-02-27 02:30,0.38,0.00
2025-02-27 00:30,0.38,0.00
2025-02-27 00:00,0.38,0.00
2025-02-26 23:00,0.38,0.00
2025-02-26 22:00,0.38,0.00
2025-02-26 21:00,0.38,0.00
2025-02-26 19:00,0.38,0.00
2025-02-26 18:30,0.38,0.00
2025-02-26 17:00,0.38,0.00
2025-02-26 15:30,0.38,0.00
2025-02-26 15:00,0.38,0.00
2025-02-26 14:30,0.38,0.00
2025-02-26 14:00,0.38,0.00
2025-02-26 13:30,0.38,0.00
2025-02-26 10:30,0.38,0.00
2025-02-26 10:00,0.38,0.00
2025-02-26 08:00,0.38,0.00
2025-02-26 07:30,0.38,0.00
2025-02-26 06:00,0.38,0.00
2025-02-26 04:00,0.38,0.00
2025-02-26 03:30,0.38,0.00
2025-02-26 02:00,0.38,0.00
2025-02-26 00:30,0.38,0.00
2025-02-26 00:00,0.38,0.00
2025-02-25 23:00,0.38,0.00
2025-02-25 21:30,0.38,0.00
2025-02-25 21:00,0.38,0.00
2025-02-25 19:00,0.38,0.00
2025-02-25 18:30,0.38,0.00
2025-02-25 18:00,0.38,0.00
2025-02-25 17:30,0.38,0.00
2025-02-25 15:00,0.38,0.00
2025-02-25 13:30,0.38,0.00
2025-02-25 12:30,0.38,0.19
2025-02-25 12:00,0.19,0.00
2025-02-25 10:00,0.19,0.00
2025-02-25 09:00,0.19,0.00
2025-02-25 07:30,0.19,0.00
2025-02-25 07:00,0.19,0.00
2025-02-25 05:30,0.19,0.00
2025-02-25 05:00,0.19,0.00
2025-02-25 04:30,0.19,0.00
2025-02-25 03:00,0.19,0.00
2025-02-25 02:30,0.19,0.00
2025-02-25 00:00,0.19,0.00
2025-02-24 23:30,0.19,0.00
2025-02-24 23:00,0.19,0.00
2025-02-24 22:30,0.19,0.00
2025-02-24 20:30,0.19,0.00
2025-02-24 20:00,0.19,0.00
2025-02-24 19:30,0.19,0.00
2025-02-24 18:00,0.19,0.00
2025-02-24 16:30,0.19,0.00
2025-02-24 15:30,0.19,0.00
2025-02-24 13:30,0.19,0.00
2025-02-24 12:30,0.19,0.00
2025-02-24 10:00,0.19,0.00
2025-02-24 09:30,0.19,0.00
2025-02-24 09:00,0.19,0.00
2025-02-24 08:30,0.19,0.00
2025-02-24 07:00,0.19,0.00
2025-02-24 06:30,0.19,0.00
2025-02-24 05:30,0.19,0.00
2025-02-24 05:00,0.19,0.00
2025-02-24 04:30,0.19,0.00
2025-02-24 03:30,0.19,0.00
2025-02-24 02:00,0.19,0.00
2025-02-24 00:30,0.19,0.00
2025-02-24 00:00,0.19,0.00
2025-02-23 21:30,0.19,0.00
2025-02-23 18:00,0.19,0.00
2025-02-23 15:00,0.19,0.00
2025-02-23 14:30,0.19,0.00
2025-02-23 13:00,0.19,0.00
2025-02-23 12:30,0.19,0.00
2025-02-23 11:30,0.19,0.00
2025-02-23 11:00,0.19,0.00
2025-02-23 09:30,0.19,0.00
2025-02-23 08:30,0.19,0.00
2025-02-23 07:30,0.19,0.00
2025-02-23 06:00,0.19,0.00
2025-02-23 05:30,0.19,0.00
2025-02-23 03:00,0.19,0.00
2025-02-23 02:00,0.19,0.00
2025-02-23 01:00,0.19,0.00
2025-02-23 00:30,0.19,0.00
2025-02-23 00:00,0.19,0.00
2025-02-22 23:30,0.19,0.00
2025-02-22 22:30,0.19,0.00
2025-02-22 22:00,0.19,0.00
2025-02-22 18:30,0.19,0.00
2025-02-22 17:30,0.19,0.00
2025-02-22 16:30,0.19,0.00
2025-02-22 16:00,0.19,0.00
2025-02-22 15:30,0.19,0.00
2025-02-22 15:00,0.19,0.00
2025-02-22 14:00,0.19,0.00
2025-02-22 13:00,0.19,0.00
2025-02-22 12:30,0.19,0.00
2025-02-22 12:00,0.19,0.00
2025-02-22 11:00,0.19,0.00
2025-02-22 10:30,0.19,0.00
2025-02-22 09:30,0.19,0.00
2025-02-22 09:00,0.19,0.00
2025-02-22 08:30,0.19,0.00
2025-02-22 08:00,0.19,0.00
2025-02-22 07:30,0.19,0.00
2025-02-22 05:30,0.19,0.00
2025-02-22 03:00,0.19,0.00
2025-02-22 02:30,0.19,0.00
2025-02-22 02:00,0.19,0.00
2025-02-22 01:30,0.19,0.00
2025-02-22 01:00,0.19,0.00
2025-02-22 00:30,0.19,0.00
2025-02-22 00:00,0.19,0.00
2025-02-21 23:00,0.19,0.00
2025-02-21 21:00,0.19,0.00
2025-02-21 19:30,0.19,0.00
2025-02-21 18:30,0.19,0.00
2025-02-21 17:30,0.19,0.00
2025-02-21 17:00,0.19,0.00
2025-02-21 16:30,0.19,0.00
2025-02-21 14:30,0.19,0.00
2025-02-21 14:00,0.19,0.00
2025-02-21 13:30,0.19,0.00
2025-02-21 12:30,0.19,0.00
2025-02-21 10:30,0.19,0.00
2025-02-21 08:30,0.19,0.00
2025-02-21 07:30,0.19,0.00
2025-02-21 06:30,0.19,0.00
2025-02-21 05:00,0.19,0.00
2025-02-21 04:00,0.19,0.00
2025-02-21 02:00,0.19,0.00
2025-02-21 01:30,0.19,0.00
2025-02-21 00:00,0.19,0.00
2025-02-20 23:00,0.19,0.00
2025-02-20 22:30,0.19,0.00
2025-02-20 21:30,0.19,0.00
2025-02-20 20:30,0.19,0.00
2025-02-20 19:30,0.19,0.00
2025-02-20 18:00,0.19,0.00
2025-02-20 17:00,0.19,0.00
2025-02-20 12:30,0.19,0.00
2025-02-20 11:00,0.19,0.00
2025-02-20 10:30,0.19,0.00
2025-02-20 10:00,0.19,0.00
2025-02-20 09:30,0.19,0.00
2025-02-20 08:30,0.19,0.00
2025-02-20 08:00,0.19,0.00
2025-02-20 06:00,0.19,0.00
2025-02-20 03:30,0.19,0.19
2025-02-20 02:00,0.00,0.00
2025-02-19 21:00,0.00,0.00
2025-02-19 17:30,0.00,0.00
2025-02-19 17:00,0.00,0.00
2025-02-19 14:30,0.00,0.00
2025-02-19 14:00,0.00,0.00
2025-02-19 13:30,0.00,0.00
2025-02-19 11:00,0.00,0.00
2025-02-19 10:00,0.00,0.00
2025-02-19 06:30,0.00,0.00
2025-02-19 05:00,0.00,0.00
2025-02-19 04:30,0.00,0.00
2025-02-19 02:30,0.00,0.00
2025-02-18 19:30,0.00,0.00
2025-02-18 17:00,0.00,0.00
2025-02-18 16:00,0.00,0.00
2025-02-18 15:00,0.00,0.00
2025-02-18 14:00,0.00,0.00
2025-02-18 12:00,0.00,0.00
2025-02-18 06:30,0.00,0.00
2025-02-18 06:00,0.00,0.00
2025-02-18 05:00,0.00,0.00
2025-02-18 04:00,0.00,0.00
2025-02-18 02:30,0.00,0.00
2025-02-18 00:00,0.00,0.00
2025-02-17 22:00,0.00,0.00
2025-02-17 21:00,0.00,0.00
2025-02-17 19:00,0.00,0.00
2025-02-17 18:30,0.00,0.00
2025-02-17 18:00,0.00,0.00
2025-02-17 17:00,0.00,0.00
2025-02-17 16:30,0.00,0.00
2025-02-17 14:00,0.00,0.00
2025-02-17 12:30,0.00,0.00
2025-02-17 12:00,0.00,0.00
2025-02-17 11:30,0.00,0.00
2025-02-17 09:30,0.00,0.00
2025-02-17 08:30,0.00,0.00
